cohort,age_month,cohort_customers,active_customers,retention_pct
2010-12,0,885,885,100.0
2010-12,1,885,324,36.610169491525426
2010-12,2,885,286,32.31638418079096
2010-12,3,885,340,38.4180790960452
2010-12,4,885,321,36.271186440677965
2010-12,5,885,352,39.77401129943503
2010-12,6,885,321,36.271186440677965
2010-12,7,885,309,34.91525423728814
2010-12,8,885,313,35.367231638418076
2010-12,9,885,350,39.548022598870055
2010-12,10,885,331,37.40112994350282
2010-12,11,885,445,50.282485875706215
2011-01,0,417,417,100.0
2011-01,1,417,92,22.062350119904078
2011-01,2,417,111,26.618705035971225
2011-01,3,417,96,23.02158273381295
2011-01,4,417,134,32.13429256594724
2011-01,5,417,120,28.776978417266186
2011-01,6,417,103,24.700239808153476
2011-01,7,417,101,24.22062350119904
2011-01,8,417,125,29.976019184652277
2011-01,9,417,136,32.61390887290168
2011-01,10,417,152,36.45083932853717
2011-02,0,380,380,100.0
2011-02,1,380,71,18.68421052631579
2011-02,2,380,71,18.68421052631579
2011-02,3,380,108,28.42105263157895
2011-02,4,380,103,27.105263157894736
2011-02,5,380,94,24.736842105263158
2011-02,6,380,96,25.263157894736842
2011-02,7,380,106,27.894736842105264
2011-02,8,380,94,24.736842105263158
2011-02,9,380,116,30.526315789473685
2011-03,0,452,452,100.0
2011-03,1,452,68,15.044247787610619
2011-03,2,452,114,25.221238938053098
2011-03,3,452,90,19.911504424778762
2011-03,4,452,101,22.345132743362832
2011-03,5,452,76,16.8141592920354
2011-03,6,452,121,26.76991150442478
2011-03,7,452,104,23.008849557522122
2011-03,8,452,126,27.876106194690266
2011-04,0,300,300,100.0
2011-04,1,300,64,21.333333333333332
2011-04,2,300,61,20.333333333333332
2011-04,3,300,63,21.0
2011-04,4,300,59,19.666666666666668
2011-04,5,300,68,22.666666666666668
2011-04,6,300,65,21.666666666666668
2011-04,7,300,78,26.0
2011-05,0,284,284,100.0
2011-05,1,284,54,19.014084507042252
2011-05,2,284,49,17.253521126760564
2011-05,3,284,49,17.253521126760564
2011-05,4,284,59,20.774647887323944
2011-05,5,284,66,23.239436619718308
2011-05,6,284,75,26.408450704225352
2011-06,0,242,242,100.0
2011-06,1,242,42,17.355371900826448
2011-06,2,242,38,15.702479338842975
2011-06,3,242,64,26.446280991735538
2011-06,4,242,56,23.140495867768596
2011-06,5,242,81,33.47107438016529
2011-07,0,188,188,100.0
2011-07,1,188,34,18.085106382978722
2011-07,2,188,39,20.74468085106383
2011-07,3,188,42,22.340425531914892
2011-07,4,188,51,27.127659574468087
2011-08,0,169,169,100.0
2011-08,1,169,35,20.71005917159763
2011-08,2,169,42,24.85207100591716
2011-08,3,169,41,24.2603550295858
2011-09,0,299,299,100.0
2011-09,1,299,70,23.411371237458194
2011-09,2,299,90,30.100334448160535
2011-10,0,358,358,100.0
2011-10,1,358,86,24.022346368715084
2011-11,0,323,323,100.0
